Reference,X_mm,Y_mm,Rotation_deg,Side
J1,55.00,113.00,90.0,F
D1,55.00,100.00,0.0,F
C1,64.00,96.00,0.0,F
C2,69.50,96.00,0.0,F
Q1,62.50,104.00,0.0,F
Q2,58.00,100.00,0.0,B
U1,68.00,104.00,0.0,F
R1,63.00,100.00,0.0,B
R2,66.00,100.00,0.0,B
R3,69.00,100.00,0.0,B
C3,72.00,100.00,0.0,B
R4,63.00,102.70,0.0,B
R5,66.00,102.70,0.0,B
TP1,69.00,105.40,0.0,B
R6,69.00,102.70,0.0,B
R7,72.00,102.70,0.0,B
R8,63.00,105.40,0.0,B
R9,66.00,105.40,0.0,B
R10,73.50,104.00,90.0,F
U2,75.00,109.00,0.0,B
C4,72.00,114.00,0.0,B
R11,75.00,114.00,0.0,B
TP2,78.00,114.00,0.0,B
TP3,81.00,114.00,0.0,B
TP4,84.00,114.00,0.0,B
U3,80.00,104.00,0.0,F
C10,77.00,98.00,0.0,F
C11,72.50,98.50,0.0,F
C12,85.50,95.50,0.0,F
L1,89.50,104.00,0.0,F
C13,78.00,110.50,0.0,F
C14,82.50,110.50,0.0,F
C15,87.00,110.50,0.0,F
R20,78.00,101.00,0.0,B
R21,81.00,101.00,0.0,B
R22,84.00,101.00,0.0,B
C16,78.00,103.70,0.0,B
C17,81.00,103.70,0.0,B
C18,84.00,103.70,0.0,B
C19,55.50,91.00,0.0,F
C20,88.00,114.00,0.0,B
C21,91.60,114.00,0.0,B
C22,95.20,114.00,0.0,B
U4,67.00,116.50,0.0,F
C23,64.50,111.50,0.0,F
C24,68.00,111.50,0.0,F
C25,71.50,111.50,0.0,F
TP10,58.00,117.00,0.0,B
TP11,61.40,117.00,0.0,B
TP12,64.80,117.00,0.0,B
TP13,68.20,117.00,0.0,B
C26,82.00,98.00,0.0,F
UCM1,99.00,110.00,0.0,F
C73,92.50,82.00,0.0,F
C74,92.50,95.00,0.0,F
U13,88.00,89.00,0.0,F
R70,86.00,81.00,0.0,B
R71,89.60,81.00,0.0,B
Q13,86.00,84.00,0.0,B
R72,89.60,84.00,0.0,B
C75,85.00,84.00,0.0,F
C76,93.00,93.00,0.0,F
TP75,101.00,108.00,0.0,B
TP76,106.00,108.00,0.0,B
TP77,111.00,108.00,0.0,B
TP78,116.00,108.00,0.0,B
TP79,121.00,108.00,0.0,B
U5,76.00,89.00,0.0,F
C30,78.50,82.50,0.0,F
C31,82.50,89.00,0.0,F
R30,68.00,82.00,0.0,B
C32,75.00,95.00,0.0,F
C33,82.50,95.00,0.0,F
R31,71.00,82.00,0.0,B
X1,68.50,87.50,0.0,F
C34,64.50,88.50,0.0,F
C35,68.50,90.50,0.0,F
R32,74.00,82.00,0.0,B
C36,68.00,84.80,0.0,B
SW1,68.50,81.00,0.0,F
SW2,74.50,81.00,0.0,F
R33,71.00,84.80,0.0,B
R34,74.00,84.80,0.0,B
R35,81.50,78.50,0.0,F
D30,84.50,78.50,0.0,F
R36,87.50,78.50,0.0,F
D31,81.50,81.00,0.0,F
R37,84.50,81.00,0.0,F
D32,87.50,81.00,0.0,F
R38,90.00,96.00,0.0,B
R39,93.60,96.00,0.0,B
Q5,90.00,99.00,0.0,B
R40,93.60,99.00,0.0,B
J6,87.50,117.00,0.0,F
U7,68.00,61.00,0.0,F
C40,72.50,64.00,0.0,F
C41,72.50,66.00,0.0,F
R50,72.00,68.00,0.0,F
U9,68.00,66.50,0.0,F
JP1,66.00,69.50,0.0,B
R52,70.00,69.50,0.0,B
F1,74.00,69.50,0.0,B
JP3,78.00,69.50,0.0,B
J3,68.00,53.50,0.0,F
U8,78.00,61.00,0.0,F
C44,82.50,64.00,0.0,F
C45,85.50,63.50,0.0,F
R51,82.00,68.00,0.0,F
U10,78.00,66.50,0.0,F
JP2,82.00,72.00,0.0,B
R53,86.00,72.00,0.0,B
F2,90.00,72.00,0.0,B
JP4,94.00,72.00,0.0,B
J4,77.00,53.50,0.0,F
J2,87.00,53.50,0.0,F
R60,85.50,68.50,0.0,F
R61,88.30,68.50,0.0,F
R62,85.50,71.00,0.0,F
R63,88.30,71.00,0.0,F
U11,87.00,61.00,0.0,F
R64,96.00,84.00,0.0,B
R65,99.00,84.00,0.0,B
C60,96.00,87.00,0.0,B
TP20,99.00,87.00,0.0,B
TP21,96.00,90.00,0.0,B
TP22,99.00,90.00,0.0,B
TP23,96.00,93.00,0.0,B
U14,140.00,90.00,0.0,F
C80,143.00,90.00,0.0,F
SW3,141.00,115.00,0.0,F
U15,141.00,83.50,0.0,F
R80,134.00,84.50,0.0,B
R81,137.00,84.50,0.0,B
C81,137.00,81.00,0.0,F
C82,146.50,86.50,0.0,F
U16,138.50,70.00,0.0,F
U17,137.50,94.00,0.0,F
J8,147.00,72.00,90.0,F
J9,145.00,102.00,90.0,F
R82,139.00,97.00,0.0,B
R83,139.00,100.00,0.0,B
TP85,137.00,111.00,0.0,B
C83,140.20,111.00,0.0,B
R84,143.40,111.00,0.0,B
U19,67.00,75.00,90.0,F
U20,72.00,75.00,90.0,F
J7,54.50,76.00,90.0,F
C77,60.00,88.00,0.0,B
R73,63.00,88.00,0.0,B
U18,76.00,96.00,0.0,B
C70,81.50,96.00,0.0,B
TP70,96.00,102.00,0.0,B
TP71,99.00,102.00,0.0,B
J10,122.00,54.00,0.0,F
R90,111.00,58.00,0.0,B
R91,114.00,58.00,0.0,B
R92,117.00,58.00,0.0,B
TP100,104.00,66.00,0.0,B
TP101,109.00,66.00,0.0,B
TP102,114.00,66.00,0.0,B
TP103,119.00,66.00,0.0,B
TP104,124.00,66.00,0.0,B
TP105,129.00,66.00,0.0,B
TP106,104.00,74.00,0.0,B
TP107,109.00,74.00,0.0,B
TP108,114.00,74.00,0.0,B
TP109,119.00,74.00,0.0,B
TP110,124.00,74.00,0.0,B
TP111,129.00,74.00,0.0,B
TP112,104.00,82.00,0.0,B
TP113,109.00,82.00,0.0,B
TP114,114.00,82.00,0.0,B
TP115,119.00,82.00,0.0,B
TP116,124.00,82.00,0.0,B
TP117,129.00,82.00,0.0,B
TP118,104.00,90.00,0.0,B
TP119,109.00,90.00,0.0,B
TP120,114.00,90.00,0.0,B
TP121,119.00,90.00,0.0,B
TP122,124.00,90.00,0.0,B
TP123,129.00,90.00,0.0,B
TP124,104.00,98.00,0.0,B
TP125,109.00,98.00,0.0,B
